customerCity,customerCountry,customer_num,orderLevel,salesLevel
Aachen,Germany,1,Low,High
Albuquerque,USA,1,Low,High
Anchorage,USA,1,Low,High
Barcelona,Spain,1,Low,High
Barquisimeto,Venezuela,1,Low,High
Bergamo,Italy,1,Low,High
Berlin,Germany,1,Low,High
Bern,Switzerland,1,Low,High
Boise,USA,1,Low,High
Brandenburg,Germany,1,Low,High
Bruxelles,Belgium,1,Low,High
Bräcke,Sweden,1,Low,High
Buenos Aires,Argentina,3,Medium,High
Butte,USA,1,Low,High
Campinas,Brazil,1,Low,High
Caracas,Venezuela,1,Low,High
Charleroi,Belgium,1,Low,High
Cork,Ireland,1,Low,High
Cowes,UK,1,Low,High
Cunewalde,Germany,1,Low,High
Elgin,USA,1,Low,High
Eugene,USA,1,Low,High
Frankfurt a.M.,Germany,1,Low,High
Genève,Switzerland,1,Low,High
Graz,Austria,1,Low,High
Helsinki,Finland,1,Low,High
I. de Margarita,Venezuela,1,Low,High
Kirkland,USA,1,Low,High
Kobenhavn,Denmark,1,Low,High
Köln,Germany,1,Low,High
Lander,USA,1,Low,High
Leipzig,Germany,1,Low,High
Lille,France,1,Low,High
Lisboa,Portugal,2,Medium,High
London,UK,6,High,High
Luleå,Sweden,1,Low,High
Lyon,France,1,Low,High
Madrid,Spain,3,Medium,High
Mannheim,Germany,1,Low,High
Marseille,France,1,Low,High
Montréal,Canada,1,Low,High
México D.F.,Mexico,5,High,High
München,Germany,1,Low,High
Münster,Germany,1,Low,High
Nantes,France,2,Medium,High
Oulu,Finland,1,Low,High
Paris,France,2,Medium,High
Portland,USA,2,Medium,High
Reggio Emilia,Italy,1,Low,High
Reims,France,1,Low,High
Resende,Brazil,1,Low,High
Rio de Janeiro,Brazil,3,Medium,High
Salzburg,Austria,1,Low,High
San Cristóbal,Venezuela,1,Low,High
San Francisco,USA,1,Low,High
Sao Paulo,Brazil,4,High,High
Seattle,USA,1,Low,High
Sevilla,Spain,1,Low,High
Stavern,Norway,1,Low,High
Strasbourg,France,1,Low,High
Stuttgart,Germany,1,Low,High
Torino,Italy,1,Low,High
Toulouse,France,1,Low,High
Tsawassen,Canada,1,Low,High
Vancouver,Canada,1,Low,High
Versailles,France,1,Low,High
Walla Walla,USA,1,Low,High
Warszawa,Poland,1,Low,High
Århus,Denmark,1,Low,High
